<?xml version="1.0" encoding="UTF-8"?>
<project-private xmlns="http://www.netbeans.org/ns/project-private/1">
    <editor-bookmarks xmlns="http://www.netbeans.org/ns/editor-bookmarks/2" lastBookmarkId="0"/>
    <open-files xmlns="http://www.netbeans.org/ns/projectui-open-files/2">
        <group>
            <file>file:/C:/Users/sentini/OneDrive%20-%20UNCG/Documents/NetBeansProjects/CSC330Assignment4/src/csc330assignment4/Graph.java</file>
            <file>file:/C:/Users/sentini/OneDrive%20-%20UNCG/Documents/NetBeansProjects/CSC330Assignment4/src/csc330assignment4/CSC330Assignment4.java</file>
        </group>
    </open-files>
</project-private>
