<?xml version="1.0" encoding="UTF-8"?>
<project-private xmlns="http://www.netbeans.org/ns/project-private/1">
    <editor-bookmarks xmlns="http://www.netbeans.org/ns/editor-bookmarks/2" lastBookmarkId="0"/>
    <open-files xmlns="http://www.netbeans.org/ns/projectui-open-files/2">
        <group>
            <file>file:/C:/Users/sunny/OneDrive%20-%20UNCG/Documents/NetBeansProjects/CSC330Assignment1/src/csc330assignment1/Employee.java</file>
            <file>file:/C:/Users/sunny/OneDrive%20-%20UNCG/Documents/NetBeansProjects/CSC330Assignment1/src/csc330assignment1/Person.java</file>
            <file>file:/C:/Users/sunny/OneDrive%20-%20UNCG/Documents/NetBeansProjects/CSC330Assignment1/src/csc330assignment1/Payroll.java</file>
            <file>file:/C:/Users/sunny/OneDrive%20-%20UNCG/Documents/NetBeansProjects/CSC330Assignment1/src/csc330assignment1/Student.java</file>
            <file>file:/C:/Users/sunny/OneDrive%20-%20UNCG/Documents/NetBeansProjects/CSC330Assignment1/src/csc330assignment1/CSC330Assignment1.java</file>
            <file>file:/C:/Users/sunny/OneDrive%20-%20UNCG/Documents/NetBeansProjects/CSC330Assignment1/src/csc330assignment1/Hourly.java</file>
            <file>file:/C:/Users/sunny/OneDrive%20-%20UNCG/Documents/NetBeansProjects/CSC330Assignment1/src/csc330assignment1/Permanent.java</file>
        </group>
    </open-files>
</project-private>
